LAT,LON,X==EW,Y==NS,Z,SLIP
-32.384,-72.5657,-87.9776,-87.6472,3.215,0.5812
-32.2766,-72.5524,-86.831,-75.6947,3.215,0.8676
-32.1692,-72.5392,-85.6812,-63.7424,3.215,1.35
-32.0618,-72.5259,-84.5236,-51.7902,3.215,1.9342
-31.9544,-72.5127,-83.3722,-39.8383,3.215,2.5841
-31.847,-72.4994,-82.2084,-27.8864,3.215,3.6528
-31.7396,-72.4862,-81.0508,-15.9347,3.215,3.5482
-31.6322,-72.4729,-79.8807,-3.9831,3.215,3.2431
-31.5248,-72.4597,-78.7169,7.9683,3.215,3.4892
-31.4174,-72.4464,-77.5406,19.9196,3.215,2.9279
-31.31,-72.4332,-76.3707,31.8706,3.215,2.6666
-31.2026,-72.4199,-75.1882,43.8216,3.215,2.7973
-31.0952,-72.4066,-74.0027,55.7725,3.215,3.1315
-30.9878,-72.3934,-72.8284,67.7231,3.215,2.3717
-30.8804,-72.3801,-71.632,79.6736,3.215,1.1406
-30.773,-72.3669,-70.4469,91.624,3.215,1.5955
-30.6656,-72.3536,-69.2491,103.5742,3.215,2.014
-30.5582,-72.3404,-68.058,115.5242,3.215,1.6964
-30.4508,-72.3271,-66.859,127.4741,3.215,1.0751
-30.3434,-72.3139,-65.6571,139.4239,3.215,0.8625
-30.236,-72.3006,-64.4521,151.3735,3.215,0.5439
-30.1286,-72.2874,-63.2442,163.3229,3.215,0.4224
-30.0212,-72.2741,-62.0333,175.2722,3.215,0.4108
-29.9138,-72.2609,-60.8243,187.2214,3.215,0.0505
-29.8064,-72.2476,-59.6027,199.1704,3.215,0.1373
-32.3918,-72.4782,-79.7544,-88.4468,6.08,0.9765
-32.2844,-72.465,-78.6076,-76.4954,6.08,0.923
-32.177,-72.4517,-77.4389,-64.5441,6.08,0.7656
-32.0696,-72.4385,-76.2811,-52.593,6.08,1.5031
-31.9622,-72.4252,-75.1109,-40.6419,6.08,2.1747
-31.8548,-72.412,-73.9469,-28.6911,6.08,3.2989
-31.7474,-72.3987,-72.7752,-16.7404,6.08,3.5804
-31.64,-72.3855,-71.6003,-4.7898,6.08,3.7632
-31.5326,-72.3722,-70.4224,7.1606,6.08,5.1804
-31.4252,-72.359,-69.2414,19.1108,6.08,5.2807
-31.3178,-72.3457,-68.0526,31.061,6.08,3.987
-31.2104,-72.3325,-66.8703,43.0109,6.08,4.3521
-31.103,-72.3192,-65.6754,54.9607,6.08,4.9287
-30.9956,-72.306,-64.4917,66.9103,6.08,4.4497
-30.8882,-72.2927,-63.286,78.8599,6.08,2.8496
-30.7808,-72.2795,-62.0964,90.8092,6.08,2.3452
-30.6734,-72.2662,-60.8846,102.7585,6.08,2.6143
-30.566,-72.253,-59.6842,114.7075,6.08,1.9317
-30.4586,-72.2397,-58.476,126.6564,6.08,2.4781
-30.3512,-72.2264,-57.2552,138.6052,6.08,2.7063
-30.2438,-72.2132,-56.0507,150.5537,6.08,1.551
-30.1364,-72.1999,-54.824,162.5022,6.08,0.9373
-30.029,-72.1867,-53.6135,174.4505,6.08,0.3498
-29.9216,-72.1734,-52.3857,186.3987,6.08,0.0714
-29.8142,-72.1602,-51.1646,198.3466,6.08,0.0591
-32.3996,-72.3908,-71.542,-89.2532,8.945,1.585
-32.2922,-72.3776,-70.3856,-77.3028,8.945,1.756
-32.1848,-72.3643,-69.2073,-65.3524,8.945,1.3237
-32.0774,-72.3511,-68.04,-53.4023,8.945,0.6902
-31.97,-72.3378,-66.8603,-41.4523,8.945,0.7176
-31.8626,-72.3246,-65.6868,-29.5024,8.945,1.2861
-31.7552,-72.3113,-64.5056,-17.5527,8.945,2.0252
-31.6478,-72.298,-63.3118,-5.6031,8.945,2.6334
-31.5404,-72.2848,-62.134,6.3462,8.945,4.7339
-31.433,-72.2715,-60.9341,18.2956,8.945,5.1274
-31.3256,-72.2583,-59.7454,30.2446,8.945,4.8756
-31.2182,-72.245,-58.5441,42.1936,8.945,5.4637
-31.1108,-72.2318,-57.3494,54.1424,8.945,6.5969
-31.0034,-72.2185,-56.1469,66.091,8.945,6.6555
-30.896,-72.2053,-54.9414,78.0396,8.945,4.4967
-30.7886,-72.192,-53.7329,89.9879,8.945,3.4054
-30.6812,-72.1788,-52.5214,101.9361,8.945,3.2484
-30.5738,-72.1655,-51.3021,113.8842,8.945,3.1401
-30.4664,-72.1523,-50.0943,125.832,8.945,3.3267
-30.359,-72.139,-48.8643,137.7798,8.945,3.5979
-30.2516,-72.1258,-47.6506,149.7274,8.945,2.5176
-30.1442,-72.1125,-46.4147,161.6749,8.945,1.1885
-30.0368,-72.0993,-45.1951,173.6221,8.945,0.4156
-29.9294,-72.086,-43.9581,185.5693,8.945,0.0399
-29.822,-72.0728,-42.7279,197.5162,8.945,0.3498
-32.4074,-72.3034,-63.3309,-90.0662,11.81,0.8265
-32.3,-72.2901,-62.1555,-78.1167,11.81,0.5777
-32.1926,-72.2769,-60.9771,-66.1674,11.81,0.5772
-32.0852,-72.2636,-59.7956,-54.2182,11.81,0.3677
-31.9778,-72.2504,-58.611,-42.2692,11.81,0.2886
-31.8704,-72.2371,-57.4186,-30.3203,11.81,0.0828
-31.763,-72.2239,-56.2374,-18.3717,11.81,1.0417
-31.6556,-72.2106,-55.0342,-6.4231,11.81,2.6885
-31.5482,-72.1974,-53.8468,5.5253,11.81,3.8665
-31.4408,-72.1841,-52.6375,17.4736,11.81,4.8133
-31.3334,-72.1709,-51.4395,29.4217,11.81,5.2803
-31.226,-72.1576,-50.2288,41.3696,11.81,5.8469
-31.1186,-72.1444,-49.0248,53.3174,11.81,6.917
-31.0112,-72.1311,-47.8129,65.2651,11.81,7.9833
-30.9038,-72.1179,-46.5981,77.2126,11.81,5.8339
-30.7964,-72.1046,-45.3803,89.1599,11.81,4.8997
-30.689,-72.0913,-44.1499,101.1072,11.81,4.1123
-30.5816,-72.0781,-42.9358,113.0542,11.81,3.7095
-30.4742,-72.0648,-41.7043,125.0011,11.81,4.2035
-30.3668,-72.0516,-40.4747,136.9478,11.81,3.6748
-30.2594,-72.0383,-39.2421,148.8944,11.81,3.0351
-30.152,-72.0251,-38.0066,160.8408,11.81,1.8492
-30.0446,-72.0118,-36.7683,172.7871,11.81,1.0922
-29.9372,-71.9986,-35.5318,184.7332,11.81,0.0822
-29.8298,-71.9853,-34.2828,196.6792,11.81,0.1153
-32.4153,-72.216,-55.1211,-90.8969,14.675,0.2705
-32.3079,-72.2027,-53.9362,-78.9484,14.675,0.1884
-32.2005,-72.1895,-52.7482,-67.0001,14.675,0.5582
-32.0931,-72.1762,-51.5572,-55.0519,14.675,0.5088
-31.9857,-72.1629,-50.3536,-43.1039,14.675,0.1095
-31.8783,-72.1497,-49.1612,-31.156,14.675,0.4526
-31.7709,-72.1364,-47.961,-19.2083,14.675,0.2242
-31.6635,-72.1232,-46.7578,-7.2608,14.675,2.2347
-31.5561,-72.1099,-45.5516,4.6866,14.675,3.9563
-31.4487,-72.0967,-44.3423,16.6339,14.675,3.979
-31.3413,-72.0834,-43.1253,28.581,14.675,5.4617
-31.2339,-72.0702,-41.9149,40.5279,14.675,6.0611
-31.1265,-72.0569,-40.6919,52.4748,14.675,7.4355
-31.0191,-72.0437,-39.4802,64.4214,14.675,7.9824
-30.9117,-72.0304,-38.2465,76.3679,14.675,6.1823
-30.8043,-72.0172,-37.029,88.3142,14.675,5.0641
-30.6969,-72.0039,-35.7894,100.2604,14.675,4.4254
-30.5895,-71.9907,-34.5659,112.2064,14.675,4.2516
-30.4821,-71.9774,-33.3252,124.1523,14.675,3.7701
-30.3747,-71.9642,-32.0864,136.0981,14.675,3.4044
-30.2673,-71.9509,-30.8446,148.0437,14.675,1.4951
-30.1599,-71.9377,-29.5999,159.9891,14.675,0.8995
-30.0525,-71.9244,-28.3524,171.9344,14.675,0.9132
-29.9451,-71.9111,-27.0971,183.8795,14.675,0.0072
-29.8377,-71.8979,-25.8486,195.8245,14.675,0.1259
-32.4231,-72.1285,-46.9034,-91.723,17.54,0.9189
-32.3157,-72.1153,-45.7183,-79.7756,17.54,0.6348
-32.2083,-72.102,-44.5113,-67.8282,17.54,1.2145
-32.1009,-72.0888,-43.3202,-55.8811,17.54,0.6161
-31.9935,-72.0755,-42.1118,-43.9341,17.54,0.3508
-31.8861,-72.0623,-40.9052,-31.9872,17.54,0.4666
-31.7787,-72.049,-39.6955,-20.0405,17.54,0.6492
-31.6713,-72.0358,-38.4829,-8.094,17.54,2.4226
-31.5639,-72.0225,-37.2672,3.8524,17.54,3.5996
-31.4565,-72.0093,-36.0485,15.7987,17.54,3.0756
-31.3491,-71.996,-34.8269,27.7448,17.54,3.8292
-31.2417,-71.9827,-33.5975,39.6907,17.54,5.1169
-31.1343,-71.9695,-32.3699,51.6365,17.54,6.6683
-31.0269,-71.9562,-31.1394,63.5822,17.54,7.4608
-30.9195,-71.943,-29.9059,75.5277,17.54,6.5526
-30.8121,-71.9297,-28.6695,87.473,17.54,4.97
-30.7047,-71.9165,-27.4301,99.4182,17.54,3.5017
-30.5973,-71.9032,-26.1879,111.3632,17.54,2.6634
-30.4899,-71.89,-24.9475,123.3081,17.54,2.3826
-30.3825,-71.8767,-23.6898,135.2529,17.54,2.2754
-30.2751,-71.8635,-22.4484,147.1974,17.54,0.5454
-30.1677,-71.8502,-21.185,159.1419,17.54,0.3129
-30.0603,-71.837,-19.9379,171.0861,17.54,0.8553
-29.9529,-71.8237,-18.6735,183.0302,17.54,0.0304
-29.8455,-71.8105,-17.4158,194.9742,17.54,0.028
-32.4309,-72.0411,-38.6964,-92.5558,20.405,0.1368
-32.3235,-72.0279,-37.5017,-80.6094,20.405,0.0228
-32.2161,-72.0146,-36.2852,-68.6631,20.405,0.1484
-32.1087,-72.0013,-35.0751,-56.7169,20.405,0.2087
-32.0013,-71.9881,-33.8667,-44.7709,20.405,0.1124
-31.8939,-71.9748,-32.6411,-32.825,20.405,0.5382
-31.7865,-71.9616,-31.4314,-20.8793,20.405,1.4956
-31.6791,-71.9483,-30.1998,-8.9338,20.405,2.8274
-31.5717,-71.9351,-28.9842,3.0116,20.405,3.52
-31.4643,-71.9218,-27.7466,14.9569,20.405,3.4561
-31.3569,-71.9086,-26.525,26.902,20.405,4.254
-31.2495,-71.8953,-25.2863,38.8469,20.405,4.6038
-31.1421,-71.8821,-24.0493,50.7917,20.405,6.0072
-31.0347,-71.8688,-22.8095,62.7363,20.405,6.2536
-30.9273,-71.8556,-21.5667,74.6808,20.405,5.3443
-30.8199,-71.8423,-20.3209,86.6252,20.405,3.8054
-30.7125,-71.8291,-19.0723,98.5693,20.405,1.3307
-30.6051,-71.8158,-17.8208,110.5134,20.405,0.6247
-30.4977,-71.8026,-16.5711,122.4572,20.405,0.5533
-30.3903,-71.7893,-15.309,134.401,20.405,0.8634
-30.2829,-71.7761,-14.0536,146.3445,20.405,0.1549
-30.1755,-71.7628,-12.781,158.288,20.405,0.289
-30.0681,-71.7495,-11.5151,170.2312,20.405,0.0631
-29.9607,-71.7363,-10.2511,182.1743,20.405,0.0523
-29.8533,-71.723,-8.9747,194.1173,20.405,0.1712
-32.4387,-71.9537,-30.4955,-93.3953,23.27,0.0026
-32.3313,-71.9404,-29.2772,-81.4498,23.27,0.5723
-32.2239,-71.9272,-28.0605,-69.5045,23.27,0.5242
-32.1165,-71.9139,-26.8408,-57.5593,23.27,0.302
-32.0091,-71.9007,-25.6229,-45.6143,23.27,0.0515
-31.9017,-71.8874,-24.3925,-33.6695,23.27,0.4537
-31.7943,-71.8742,-23.1686,-21.7248,23.27,1.2506
-31.6869,-71.8609,-21.9276,-9.7802,23.27,2.0525
-31.5795,-71.8477,-20.7025,2.1642,23.27,2.9872
-31.4721,-71.8344,-19.4555,14.1084,23.27,4.1207
-31.3647,-71.8212,-18.2246,26.0525,23.27,5.2222
-31.2573,-71.8079,-16.9764,37.9965,23.27,4.3583
-31.1499,-71.7946,-15.7206,49.9403,23.27,5.4901
-31.0425,-71.7814,-14.4809,61.8839,23.27,5.4796
-30.9351,-71.7681,-13.2192,73.8274,23.27,4.6685
-30.8277,-71.7549,-11.9737,85.7707,23.27,2.5371
-30.7203,-71.7416,-10.711,97.7139,23.27,0.1809
-30.6129,-71.7284,-9.455,109.6569,23.27,0.1398
-30.5055,-71.7151,-8.1865,121.5998,23.27,0.1601
-30.3981,-71.7019,-6.9248,133.5425,23.27,0.4617
-30.2907,-71.6886,-5.6506,145.485,23.27,0.0072
-30.1833,-71.6754,-4.3831,157.4274,23.27,0.1799
-30.0759,-71.6621,-3.1032,169.3697,23.27,0.0435
-29.9685,-71.6489,-1.8301,181.3118,23.27,0.0024
-29.8611,-71.6356,-0.5446,193.2537,23.27,0.0408
-32.4466,-71.8662,-22.2819,-94.2524,26.135,0.2083
-32.3392,-71.853,-21.0634,-82.3079,26.135,0.0823
-32.2318,-71.8397,-19.8277,-70.3636,26.135,0.3752
-32.1244,-71.8265,-18.6079,-58.4195,26.135,0.0905
-32.017,-71.8132,-17.3711,-46.4755,26.135,0.1478
-31.9096,-71.8,-16.1406,-34.5316,26.135,0.2731
-31.8022,-71.7867,-14.8978,-22.5879,26.135,0.1655
-31.6948,-71.7735,-13.6567,-10.6444,26.135,1.3272
-31.5874,-71.7602,-12.4127,1.299,26.135,2.2806
-31.48,-71.747,-11.1658,13.2423,26.135,3.5993
-31.3726,-71.7337,-9.9159,25.1854,26.135,3.8408
-31.2652,-71.7205,-8.6679,37.1283,26.135,3.6036
-31.1578,-71.7072,-7.4075,49.0711,26.135,4.4115
-31.0504,-71.694,-6.1537,61.0137,26.135,3.8402
-30.943,-71.6807,-4.8827,72.9562,26.135,2.9855
-30.8356,-71.6675,-3.6279,84.8985,26.135,1.4521
-30.7282,-71.6542,-2.3559,96.8406,26.135,0.6978
-30.6208,-71.641,-1.0906,108.7827,26.135,0.0369
-30.5134,-71.6277,0.1872,120.7245,26.135,0.1721
-30.406,-71.6144,1.4677,132.6662,26.135,0.0057
-30.2986,-71.6012,2.7416,144.6078,26.135,0.0472
-30.1912,-71.5879,4.023,156.5492,26.135,0.0442
-30.0838,-71.5747,5.3073,168.4904,26.135,0.115
-29.9764,-71.5614,6.5991,180.4315,26.135,0.0609
-29.869,-71.5482,7.8842,192.3725,26.135,0.1312
-32.4544,-71.7788,-14.0791,-95.105,29,0.0806
-32.347,-71.7656,-12.851,-83.1616,29,0.1658
-32.2396,-71.7523,-11.6105,-71.2182,29,0.1617
-32.1322,-71.7391,-10.3765,-59.2751,29,0.0538
-32.0248,-71.7258,-9.1301,-47.3321,29,0.4923
-31.9174,-71.7126,-7.8901,-35.3893,29,0.0702
-31.81,-71.6993,-6.6378,-23.4466,29,0.0581
-31.7026,-71.6861,-5.3873,-11.504,29,0.7567
-31.5952,-71.6728,-4.1338,0.4384,29,2.2111
-31.4878,-71.6595,-2.868,12.3806,29,3.5934
-31.3804,-71.6463,-1.6182,24.3227,29,3.6865
-31.273,-71.633,-0.3513,36.2646,29,3.3664
-31.1656,-71.6198,0.909,48.2064,29,4.0702
-31.0582,-71.6065,2.1817,60.148,29,3.1182
-30.9508,-71.5933,3.4525,72.0894,29,2.3375
-30.8434,-71.58,4.7262,84.0308,29,1.4977
-30.736,-71.5668,5.9979,95.9719,29,0.8999
-30.6286,-71.5535,7.2821,107.9129,29,0.1852
-30.5212,-71.5403,8.5595,119.8538,29,0.054
-30.4138,-71.527,9.8493,131.7945,29,0.0024
-30.3064,-71.5138,11.1323,143.735,29,0.0493
-30.199,-71.5005,12.423,155.6754,29,0.0012
-30.0916,-71.4873,13.7164,167.6157,29,0.0586
-29.9842,-71.474,15.0174,179.5557,29,0.0731
-29.8768,-71.4608,16.3116,191.4957,29,0.0788
-32.4622,-71.6914,-5.8777,-95.9642,31.865,0.0572
-32.3548,-71.6781,-4.6306,-84.0218,31.865,0.1219
-32.2474,-71.6649,-3.39,-72.0795,31.865,0.0081
-32.14,-71.6516,-2.137,-60.1374,31.865,0.1123
-32.0326,-71.6384,-0.8904,-48.1954,31.865,0.0619
-31.9252,-71.6251,0.3684,-36.2535,31.865,0.1381
-31.8178,-71.6119,1.6208,-24.3118,31.865,0.3504
-31.7104,-71.5986,2.8902,-12.3703,31.865,0.7296
-31.603,-71.5854,4.1437,-0.4289,31.865,1.9489
-31.4956,-71.5721,5.4142,11.5123,31.865,2.7808
-31.3882,-71.5589,6.6782,23.4534,31.865,2.4886
-31.2808,-71.5456,7.9545,35.3943,31.865,2.5185
-31.1734,-71.5324,9.2241,47.3351,31.865,2.9657
-31.066,-71.5191,10.5062,59.2757,31.865,2.8933
-30.9586,-71.5059,11.7863,71.2161,31.865,2.2464
-30.8512,-71.4926,13.0693,83.1564,31.865,1.9779
-30.7438,-71.4793,14.3599,95.0966,31.865,1.4888
-30.6364,-71.4661,15.6438,107.0366,31.865,0.677
-30.529,-71.4528,16.94,118.9764,31.865,0.1978
-30.4216,-71.4396,18.2295,130.9161,31.865,0.1733
-30.3142,-71.4263,19.5313,142.8556,31.865,0.2631
-30.2068,-71.4131,20.8216,154.795,31.865,0.1108
-30.0994,-71.3998,22.1338,166.7342,31.865,0.0693
-29.992,-71.3866,23.4296,178.6733,31.865,0.0629
-29.8846,-71.3733,24.7474,190.6122,31.865,0.1501
-32.4701,-71.604,2.3223,-96.8412,34.73,0.037
-32.3627,-71.5907,3.579,-84.8998,34.73,0.0163
-32.2553,-71.5775,4.8292,-72.9585,34.73,0.3758
-32.1479,-71.5642,6.0917,-61.0173,34.73,0.0019
-32.0405,-71.5509,7.3572,-49.0764,34.73,0.0486
-31.9331,-71.5377,8.6161,-37.1355,34.73,0.0732
-31.8257,-71.5244,9.8874,-25.1949,34.73,0.2705
-31.7183,-71.5112,11.1522,-13.2543,34.73,0.3645
-31.6109,-71.4979,12.4293,-1.314,34.73,1.7728
-31.5035,-71.4847,13.6998,10.6263,34.73,2.1117
-31.3961,-71.4714,14.9826,22.5663,34.73,1.3484
-31.2887,-71.4582,16.2588,34.5062,34.73,1.6595
-31.1813,-71.4449,17.5474,46.446,34.73,2.6433
-31.0739,-71.4317,18.8292,58.3856,34.73,1.8108
-30.9665,-71.4184,20.1235,70.325,34.73,1.4147
-30.8591,-71.4052,21.411,82.2643,34.73,1.408
-30.7517,-71.3919,22.7109,94.2035,34.73,1.7585
-30.6443,-71.3787,24.004,106.1425,34.73,0.9689
-30.5369,-71.3654,25.3095,118.0813,34.73,0.266
-30.4295,-71.3522,26.6083,130.02,34.73,0.1039
-30.3221,-71.3389,27.9193,141.9585,34.73,0.8191
-30.2147,-71.3257,29.2188,153.8969,34.73,0.2343
-30.1073,-71.3124,30.5402,165.8351,34.73,0.0073
-29.9999,-71.2992,31.8451,177.7732,34.73,0.0199
-29.8925,-71.2859,33.1721,189.7111,34.73,0.0793
-32.4779,-71.5165,10.5303,-97.7137,37.595,0.2238
-32.3705,-71.5033,11.7871,-85.7732,37.595,0.0961
-32.2631,-71.49,13.0516,-73.833,37.595,0.4501
-32.1557,-71.4768,14.319,-61.8928,37.595,0.503
-32.0483,-71.4635,15.594,-49.9529,37.595,0.1997
-31.9409,-71.4503,16.8625,-38.013,37.595,0.1186
-31.8335,-71.437,18.1432,-26.0734,37.595,0.3647
-31.7261,-71.4238,19.4175,-14.1338,37.595,0.5187
-31.6187,-71.4105,20.704,-2.1945,37.595,1.124
-31.5113,-71.3973,21.9839,9.7447,37.595,1.2893
-31.4039,-71.384,23.2762,21.6838,37.595,0.8986
-31.2965,-71.3708,24.5618,33.6227,37.595,1.6549
-31.1891,-71.3575,25.8597,45.5614,37.595,3.0167
-31.0817,-71.3443,27.1509,57.5,37.595,2.3468
-30.9743,-71.331,28.4545,69.4385,37.595,1.0406
-30.8669,-71.3177,29.7609,81.3767,37.595,0.7107
-30.7595,-71.3045,31.0606,93.3149,37.595,0.786
-30.6521,-71.2912,32.3725,105.2528,37.595,0.282
-30.5447,-71.278,33.6777,117.1907,37.595,0.0539
-30.4373,-71.2647,34.9953,129.1283,37.595,0.0656
-30.3299,-71.2515,36.306,141.0659,37.595,0.0953
-30.2225,-71.2382,37.6242,153.0032,37.595,0.0173
-30.1151,-71.225,38.9452,164.9404,37.595,0.0388
-30.0077,-71.2117,40.269,176.8775,37.595,0.0077
-29.9003,-71.1985,41.5954,188.8144,37.595,0.6209
-32.4857,-71.4291,18.7227,-98.5927,40.46,0.252
-32.3783,-71.4159,19.9939,-86.6533,40.46,0.1222
-32.2709,-71.4026,21.2679,-74.714,40.46,0.5205
-32.1635,-71.3894,22.5448,-62.7749,40.46,0.659
-32.0561,-71.3761,23.8294,-50.836,40.46,0.6265
-31.9487,-71.3628,25.1168,-38.8972,40.46,0.9726
-31.8413,-71.3496,26.3976,-26.9585,40.46,1.0167
-31.7339,-71.3363,27.6908,-15.02,40.46,1.2872
-31.6265,-71.3231,28.9773,-3.0816,40.46,1.4207
-31.5191,-71.3098,30.2761,8.8566,40.46,1.4918
-31.4117,-71.2966,31.5683,20.7946,40.46,1.4609
-31.3043,-71.2833,32.8728,32.7325,40.46,2.0714
-31.1969,-71.2701,34.1706,44.6702,40.46,2.7122
-31.0895,-71.2568,35.4808,56.6078,40.46,0.9989
-30.9821,-71.2436,36.7794,68.5453,40.46,0.215
-30.8747,-71.2303,38.0999,80.4825,40.46,0.3753
-30.7673,-71.2171,39.4088,92.4197,40.46,0.4333
-30.6599,-71.2038,40.7301,104.3566,40.46,0.3493
-30.5525,-71.1906,42.0445,116.2934,40.46,0.081
-30.4451,-71.1773,43.3713,128.2301,40.46,0.3935
-30.3377,-71.1641,44.6913,140.1666,40.46,0.2007
-30.2303,-71.1508,46.0187,152.1029,40.46,0.0407
-30.1229,-71.1376,47.3489,164.0391,40.46,0.0014
-30.0155,-71.1243,48.6818,175.9752,40.46,0.0987
-29.9081,-71.111,50.0271,187.911,40.46,1.1961
-32.4935,-71.3417,26.9185,-99.4784,43.325,0.233
-32.3861,-71.3284,28.2086,-87.54,43.325,0.3414
-32.2787,-71.3152,29.4828,-75.6017,43.325,1.4302
-32.1713,-71.3019,30.7787,-63.6636,43.325,1.3019
-32.0639,-71.2887,32.0634,-51.7257,43.325,1.4371
-31.9565,-71.2754,33.3603,-39.7879,43.325,1.1661
-31.8491,-71.2622,34.6506,-27.8502,43.325,1.4651
-31.7417,-71.2489,35.9532,-15.9127,43.325,2.0977
-31.6343,-71.2357,37.2492,-3.9754,43.325,2.7885
-31.5269,-71.2224,38.5575,7.9618,43.325,2.4514
-31.4195,-71.2092,39.8591,19.8988,43.325,1.7347
-31.3121,-71.1959,41.173,31.8357,43.325,2.1607
-31.2047,-71.1826,42.4897,43.7724,43.325,2.0888
-31.0973,-71.1694,43.7997,55.709,43.325,0.3206
-30.9899,-71.1561,45.1172,67.6454,43.325,0.0402
-30.8825,-71.1429,46.4374,79.5817,43.325,0.3553
-30.7751,-71.1296,47.7605,91.5178,43.325,0.2359
-30.6677,-71.1164,49.0862,103.4537,43.325,0.0775
-30.5603,-71.1031,50.4195,115.3895,43.325,0.1011
-30.4529,-71.0899,51.7412,127.3252,43.325,0.0664
-30.3455,-71.0766,53.0848,139.2607,43.325,0.0715
-30.2381,-71.0634,54.4118,151.1961,43.325,0.086
-30.1307,-71.0501,55.7608,163.1312,43.325,0.0938
-30.0233,-71.0369,57.0933,175.0663,43.325,0.0913
-29.9159,-71.0236,58.4428,187.0011,43.325,0.0425
-32.5014,-71.2542,35.1221,-100.3818,46.19,0.0414
-32.394,-71.241,36.4124,-88.4444,46.19,1.4749
-32.2866,-71.2277,37.7056,-76.5072,46.19,1.3491
-32.1792,-71.2145,39.0017,-64.5701,46.19,1.257
-32.0718,-71.2012,40.3053,-52.6331,46.19,0.8684
-31.9644,-71.188,41.6023,-40.6963,46.19,1.2464
-31.857,-71.1747,42.9116,-28.7597,46.19,1.5093
-31.7496,-71.1615,44.2095,-16.8232,46.19,1.9106
-31.6422,-71.1482,45.5291,-4.8869,46.19,2.2282
-31.5348,-71.135,46.8327,7.0493,46.19,1.735
-31.4274,-71.1217,48.1579,18.9853,46.19,1.8285
-31.32,-71.1085,49.4717,30.9212,46.19,1.3294
-31.2126,-71.0952,50.7978,42.8569,46.19,1.2163
-31.1052,-71.082,52.1171,54.7925,46.19,0.4436
-30.9978,-71.0687,53.444,66.7279,46.19,0.5121
-30.8904,-71.0555,54.7736,78.6631,46.19,0.9761
-30.783,-71.0422,56.1059,90.5982,46.19,1.4887
-30.6756,-71.029,57.441,102.5332,46.19,0.2567
-30.5682,-71.0157,58.7835,114.4679,46.19,0.0198
-30.4608,-71.0024,60.124,126.4026,46.19,0.0349
-30.3534,-70.9892,61.4672,138.337,46.19,0.0696
-30.246,-70.9759,62.8131,150.2714,46.19,0.0238
-30.1386,-70.9627,64.1617,162.2055,46.19,0.0302
-30.0312,-70.9494,65.5129,174.1396,46.19,0.0014
-29.9238,-70.9362,66.862,186.0734,46.19,0.054
-32.5092,-71.1668,43.315,-101.2807,49.055,0.3927
-32.4018,-71.1536,44.6149,-89.3443,49.055,0.8182
-32.2944,-71.1403,45.9177,-77.4081,49.055,0.9255
-32.187,-71.1271,47.2233,-65.472,49.055,1.0507
-32.0796,-71.1138,48.5317,-53.5361,49.055,1.73
-31.9722,-71.1006,49.843,-41.6003,49.055,1.9743
-31.8648,-71.0873,51.1617,-29.6647,49.055,1.4319
-31.7574,-71.0741,52.4691,-17.7292,49.055,1.7471
-31.65,-71.0608,53.7982,-5.7939,49.055,0.7086
-31.5426,-71.0475,55.1207,6.1413,49.055,0.4855
-31.4352,-71.0343,56.4458,18.0763,49.055,0.3508
-31.3278,-71.021,57.7786,30.0111,49.055,0.1005
-31.2204,-71.0078,59.1045,41.9458,49.055,0.7694
-31.113,-70.9945,60.4427,53.8804,49.055,0.0672
-31.0056,-70.9813,61.7694,65.8148,49.055,0.1812
-30.8982,-70.968,63.1179,77.749,49.055,0.8209
-30.7908,-70.9548,64.45,89.6831,49.055,0.8076
-30.6834,-70.9415,65.8039,101.617,49.055,0.16
-30.576,-70.9283,67.1461,113.5508,49.055,0.1301
-30.4686,-70.915,68.4959,125.4844,49.055,0.0347
-30.3612,-70.9018,69.8483,137.4179,49.055,0.0061
-30.2538,-70.8885,71.2034,149.3512,49.055,0.0388
-30.1464,-70.8753,72.5612,161.2844,49.055,0.0399
-30.039,-70.862,73.9216,173.2174,49.055,0.0624
-29.9316,-70.8488,75.2799,185.1503,49.055,0.4672
-32.517,-71.0794,51.5064,-102.1862,51.92,0.0164
-32.4096,-71.0661,52.8253,-90.2509,51.92,0.0518
-32.3022,-71.0529,54.1283,-78.3156,51.92,0.0249
-32.1948,-71.0396,55.4528,-66.3806,51.92,0.0548
-32.0874,-71.0264,56.7614,-54.4456,51.92,0.0096
-31.98,-71.0131,58.0916,-42.5109,51.92,0.0396
-31.8726,-70.9999,59.4104,-30.5763,51.92,0.0873
-31.7652,-70.9866,60.7368,-18.6418,51.92,0.0345
-31.6578,-70.9734,62.0659,-6.7075,51.92,0.0274
-31.5504,-70.9601,63.3977,5.2267,51.92,0.0679
-31.443,-70.9469,64.7324,17.1606,51.92,0.0645
-31.3356,-70.9336,66.0745,29.0945,51.92,0.0482
-31.2282,-70.9204,67.4098,41.0282,51.92,0.0807
-31.1208,-70.9071,68.7574,52.9617,51.92,0.0258
-31.0134,-70.8939,70.0934,64.8951,51.92,0.0919
-30.906,-70.8806,71.4512,76.8283,51.92,0.0185
-30.7986,-70.8673,72.8022,88.7614,51.92,0.0297
-30.6912,-70.8541,74.1558,100.6943,51.92,0.0937
-30.5838,-70.8408,75.5122,112.627,51.92,0.021
-30.4764,-70.8276,76.8664,124.5597,51.92,0.0692
-30.369,-70.8143,78.2376,136.4921,51.92,0.0764
-30.2616,-70.8011,79.5923,148.4244,51.92,0.0117
-30.1542,-70.7878,80.9689,160.3565,51.92,0.0076
-30.0468,-70.7746,82.3289,172.2886,51.92,0.0813
-29.9394,-70.7613,83.706,184.2204,51.92,0.1543
